,app_names,app_score,app_ratings,app_reviews,app_developer,app_developerId,app_developerEmail,app_developerWebsite,app_developerAddress,app_genre,app_contentRating,app_released,app_urls
0,Adventure Bay - Farm Games,4.5219235,78170.0,1167.0,GAMEGOS,5137364340371948270,mobile@gamegos.com,https://www.gamegos.com/,"GAMEGOS Teknoloji AS
Icerenkoy, Umut Sk.
Quick Tower No:10-12/94
34752 Atasehir/Istanbul
TURKEY",Adventure,Everyone,"Feb 12, 2022",https://play.google.com/store/apps/details?id=com.gamegos.adventure.bay.paradise.farm&hl=en&gl=us
1,Harry Potter: Hogwarts Mystery,4.5691633,2917171.0,157886.0,"Jam City, Inc.",5509190841173705883,hphm-help@jamcity.com,https://www.jamcity.com,"3562 Eastham Drive
Culver City, CA 90232",Adventure,Teen,"Apr 24, 2018",https://play.google.com/store/apps/details?id=com.tinyco.potter&hl=en&gl=us
2,Adventure Escape Mysteries,4.6351867,169626.0,9006.0,Haiku Games,6543290517860473133,support@haikugames.com,http://www.haikugames.com,"655 Knight Way Stanford, CA 94305",Adventure,Teen,"Dec 22, 2018",https://play.google.com/store/apps/details?id=com.haiku.adventure.escape.game.mystery.stories&hl=en&gl=us
3,Botworld Adventure,4.612538,142314.0,3139.0,Featherweight,4959719011930647155,support@featherweightgames.com,https://www.featherweightgames.com,"506/410 Elizabeth St, Surry Hills, NSW 2010, Australia",Role Playing,Everyone 10+,"Oct 13, 2021",https://play.google.com/store/apps/details?id=com.featherweightgames.fx&hl=en&gl=us
4,Merge Adventure: Travel Games,4.63299,91585.0,1802.0,GreenPixel Ltd,GreenPixel+Ltd,admin@pixel.green,https://pixel.green/,"Tepeleniou, 13
TEPELENIO COURT, 2nd floor
8010, Paphos, Cyprus",Casual,Everyone,"Apr 25, 2024",https://play.google.com/store/apps/details?id=puzzle.merge.adventure&hl=en&gl=us
5,Diggy's Adventure: Escape Game,4.415989,533215.0,40410.0,Pixel Federation Games,7566304266577611559,support@diggysadventure.com,https://www.pixelfederation.com,"Einsteinova 19, 851 01 Bratislava, Slovakia",Adventure,Everyone,"Oct 11, 2016",https://play.google.com/store/apps/details?id=air.com.pixelfederation.diggy&hl=en&gl=us
6,Unholy Adventure: Mystery,4.72695,36142.0,754.0,Dali Games P.S.A.,5260680627634081217,contact@dali.games,https://dali.games/,"UL. NA OSTATNIM GROSZU 3
WROCŁAW, Dolnyśląsk, 54-207
Polska",Adventure,Everyone,"May 17, 2021",https://play.google.com/store/apps/details?id=games.dali.adventure.neighborhood.unholy&hl=en&gl=us
7,Mystery Files: Hidden Objects,4.504559,15210.0,806.0,Do Games Limited,5083592531648467308,support@dominigames.com,http://dominigames.com,"Cyprus, 1097 Nicosia, Diagorou 4, Kermia building, 2nd floor, office 204",Puzzle,Everyone,"Dec 15, 2021",https://play.google.com/store/apps/details?id=com.dominigames.mf&hl=en&gl=us
8,OneBit Adventure (Roguelike),4.70319,45456.0,1568.0,Galactic Slice,5596888974159450345,jonathanconcepcion12@gmail.com,http://www.onebitadventure.com,"1533 West Cleveland Ave
Milwaukee, WI 53215",Adventure,Everyone,"Aug 2, 2019",https://play.google.com/store/apps/details?id=com.GalacticSlice.OneBitAdventure&hl=en&gl=us
9,Demon Hunter 2: New Chapter,4.2,2506.0,126.0,Artifex Mundi,8164059240719591693,google.support@artifexmundi.com,http://www.artifexmundi.com,"Artifex Mundi SA
Żelazna 2
40-851 Katowice",Adventure,Teen,"Jul 20, 2016",https://play.google.com/store/apps/details?id=com.artifexmundi.demonhunter2.gp.free&hl=en&gl=us
10,Unsolved: Hidden Mystery Games,4.6697,340972.0,10720.0,Artifex Mundi,8164059240719591693,google.support@artifexmundi.com,http://www.artifexmundi.com,"Artifex Mundi SA
Żelazna 2
40-851 Katowice",Adventure,Teen,"Dec 7, 2019",https://play.google.com/store/apps/details?id=com.artifexmundi.mopa1.gp&hl=en&gl=us
11,Alto's Adventure,4.3145933,658102.0,16604.0,Noodlecake,8522816310922587802,support+altos@noodlecake.com,http://www.noodlecake.com/games/altos-adventure/,"207 - 262 Avenue B South
Saskatoon, SK
S7M 1M4",Action,Everyone,"Feb 10, 2016",https://play.google.com/store/apps/details?id=com.noodlecake.altosadventure&hl=en&gl=us
12,Life in Adventure,4.162291,51829.0,1920.0,StudioWheel,4967237395366602005,studiowheel@gmail.com,https://www.studiowheel.net/,부산 해운대구 문화콘텐츠컴플렉스 글로벌게임센터 905호,Simulation,Teen,"Nov 2, 2021",https://play.google.com/store/apps/details?id=com.StudioWheel.Bard&hl=en&gl=us
13,Lost Island: Blast Adventure,4.500874,560776.0,42356.0,Plarium Global Ltd,5766366711041032164,android@plarium.com,http://www.plarium.com,"Arye Shenkar St 1
Herzliya, Israel.",Casual,Everyone,"Jun 6, 2018",https://play.google.com/store/apps/details?id=com.plarium.blast&hl=en&gl=us
14,Hero Adventure: Survivor RPG,4.393778,95392.0,2002.0,TapNation,5558628040808463096,contact+hero-adventure@tap-nation.io,https://www.tap-nation.io,"9 rue anatole de la forge, 75017 Paris",Role Playing,Everyone 10+,"Sep 2, 2021",https://play.google.com/store/apps/details?id=com.pgstudio.heroadventure&hl=en&gl=us
15,Vampire's Fall: Origins RPG,4.639398,633208.0,29854.0,Early Morning Studio,5857653738358293115,support@earlymorningstudio.com,http://earlymorningstudio.com/,"Early Morning Studio AB
Drottninggatan 18
803 20 Gävle",Role Playing,Teen,"Sep 6, 2018",https://play.google.com/store/apps/details?id=com.earlymorningstudio.vampiresfall2&hl=en&gl=us
16,Atlantis Odyssey: Аdventure,4.6957674,216350.0,7704.0,VIZOR APPS LTD.,8530020481101400394,support@vizor-apps.com,https://vizor-games.com,"Office 301, Leoforos Archiepiskopou Makariou III, 169, 3027, Limassol, Cyprus",Simulation,Everyone,"Oct 21, 2020",https://play.google.com/store/apps/details?id=com.vizorapps.atlantis&hl=en&gl=us
17,Hidden City: Hidden Object,4.4409556,1126211.0,58334.0,G5 Entertainment,8053728788464134315,support@g5.com,https://www.g5.com,"Nybrogatan 6, 5th floor, Stockholm, 114 34, Sweden",Adventure,Everyone,"Jul 10, 2015",https://play.google.com/store/apps/details?id=com.g5e.hiddencity.android&hl=en&gl=us
18,Adventure Reborn: story game,4.7608695,21535.0,518.0,Dali Games P.S.A.,5260680627634081217,contact@dali.games,http://dali.games/,"UL. NA OSTATNIM GROSZU 3
WROCŁAW, Dolnyśląsk, 54-207
Polska",Adventure,Everyone,"Jul 26, 2021",https://play.google.com/store/apps/details?id=games.dali.adventure.reborn&hl=en&gl=us
19,AdventureQuest 3D MMO RPG,4.1761565,85715.0,9226.0,Artix Entertainment LLC,5955504303710293531,Help@AQ3D.com,http://www.AQ3D.com,"PO BOX 2005
Land O' Lakes, Fl. 34637",Role Playing,Teen,"Oct 19, 2016",https://play.google.com/store/apps/details?id=com.battleon.aq3d&hl=en&gl=us
20,Fablewood: Adventure Lands,4.684129,15047.0,669.0,Guli Games Ltd,6423459199641276830,support@guli-games.com,https://guli-games.com,"Prodromou, 75, 2063, Nicosia, Cyprus",Adventure,Everyone,"Jun 20, 2022",https://play.google.com/store/apps/details?id=com.theguligames.landsofadventure&hl=en&gl=us
21,Magicabin: Witch's Adventure,4.8672853,71588.0,2774.0,IVYGAMES,6760652776324612520,magicabingame@gmail.com,http://www.photonfox.com,"Room 40,Blk AD, 19/F, Golden Bear Ind. Ctr., 66-82 Chai Wan Kok St., Tsuen Wan, New Territories",Simulation,Everyone,"Feb 13, 2023",https://play.google.com/store/apps/details?id=com.photonfox.g001&hl=en&gl=us
22,Seekers Notes: Hidden Objects,4.2874484,578314.0,65461.0,Mytona,7736467945701064982,support@mytona.com,http://www.mytona.com,"PO Box 331455
Takapuna
Auckland  0740",Adventure,Everyone,"Dec 8, 2015",https://play.google.com/store/apps/details?id=com.mytona.seekersnotes.android&hl=en&gl=us
23,Dragonscapes Adventure,4.824263,677844.0,11484.0,Century Games PTE. LTD.,6832375891198423999,cg.gamestore@centurygame.com,https://www.centurygame.com,"163 Tras Street 03-01, Lian Huat Building Singapore",Simulation,Everyone,"Oct 27, 2020",https://play.google.com/store/apps/details?id=com.dragonscapes.global&hl=en&gl=us
24,Puzzle Adventure: Mystery Game,4.4213333,53043.0,3015.0,Pixel Federation Games,7566304266577611559,puzzleadventure@pixelfederation.com,https://www.pixelfederation.com,"Einsteinova 19, 851 01 Bratislava, Slovakia",Adventure,Everyone 10+,"Jan 31, 2022",https://play.google.com/store/apps/details?id=com.pixelfederation.solve.mystery.puzzle.adventure&hl=en&gl=us
25,Grim Soul: Dark Survival RPG,4.4995255,721807.0,23984.0,Brickworks Games Ltd,8971595884600211344,support@grimsoulgame.com,http://grimsoulgame.com/,"MEDITERRANEAN COURT, Floor 1, Flat A5, 367 28 Oktovriou, Limassol, 3107, Cyprus",Role Playing,Teen,"Feb 16, 2018",https://play.google.com/store/apps/details?id=fantasy.survival.game.rpg&hl=en&gl=us
26,Bitter Awakening F2P Adventure,4.44,2138.0,81.0,Friendly Fox Studio,5144591506941784905,support@friendlyfox.studio,https://friendlyfox.studio/,"Ifigeneias, 14, Limassol, 3036, Cyprus",Adventure,Everyone,"May 29, 2024",https://play.google.com/store/apps/details?id=com.ffsvideogames.aab.il6f2p&hl=en&gl=us
27,Island Hoppers: Farm Adventure,4.269231,178184.0,5221.0,NEXTERS GLOBAL LTD,8107855987752203465,support@island-hoppers.zendesk.com,https://nextersglobal.com,"107 Faneromenis Avenue, 6031, Larnaca, Cyprus",Adventure,Everyone,"Aug 24, 2020",https://play.google.com/store/apps/details?id=com.xgamesgroup.puzzleisland&hl=en&gl=us
28,Road Trip: Royal merge games,4.5843806,42603.0,1885.0,VIZOR APPS LTD.,8530020481101400394,support@vizor-apps.com,https://vizor-interactive.com,"Office 301, Leoforos Archiepiskopou Makariou III, 169, 3027, Limassol, Cyprus",Puzzle,Everyone,"Nov 30, 2023",https://play.google.com/store/apps/details?id=com.vizorapps.roadtrip&hl=en&gl=us
29,Swordigo,4.7680507,835475.0,15636.0,Touch Foo,Touch+Foo,playsupport@touchfoo.com,http://www.touchfoo.com/,"Ristonmaantie 3 A 5
40500 Jyväskylä
Finland",Adventure,Everyone,"Feb 27, 2014",https://play.google.com/store/apps/details?id=com.touchfoo.swordigo&hl=en&gl=us
30,Cover Fire: Offline Shooting,4.6211114,2552503.0,49987.0,Viva Games Studios,5889854114365514439,support@vivastudios.com,https://vivastudios.com/,"Calle Cardenal Bueno Monreal 50, 2da Planta, Sevilla, 41013",Action,Teen,"Mar 30, 2017",https://play.google.com/store/apps/details?id=com.generagames.resistance&hl=en&gl=us
31,Modern Combat 5: mobile FPS,4.575145,4196217.0,109055.0,Gameloft SE,4826827787946964969,android.support@gameloft.com,http://www.gameloft.com/,14 rue Auber 75009 Paris,Action,Mature 17+,"Jul 23, 2014",https://play.google.com/store/apps/details?id=com.gameloft.android.ANMP.GloftM5HM&hl=en&gl=us
32,Mortal Kombat,4.1356306,4570575.0,195562.0,Warner Bros. International Enterprises,Warner+Bros.+International+Enterprises,support@wbgames.com,https://www.mortalkombat.com/,"Warner Bros.
Warner Bros. International Enterprises Inc.
4000 WARNER BLVD
LOS ANGELES
BURBANK
United States
California
91522-0001",Action,Mature 17+,"May 4, 2015",https://play.google.com/store/apps/details?id=com.wb.goog.mkx&hl=en&gl=us
33,Shadow Fight 3 - RPG fighting,4.5867553,4360043.0,74753.0,NEKKI,7514532260246976284,support@nekki.mail.helpshift.com,http://www.nekki.com,"116 Gladstonos Street M. KYPRIANOU HOUSE, 3&4 floor, 3032, Limassol, Cyprus.",Role Playing,Everyone 10+,"Nov 16, 2017",https://play.google.com/store/apps/details?id=com.nekki.shadowfight3&hl=en&gl=us
34,Evolution 2: Shooting games,4.5270557,198962.0,4302.0,MYGAMES MENA FZ LLC,4752267657972454045,evo2-support@my.games,https://evo2.my.games/en,,Action,Teen,"May 15, 2019",https://play.google.com/store/apps/details?id=com.my.evolution2&hl=en&gl=us
35,Shadow Fight 4: Arena,4.6735716,1653209.0,13058.0,NEKKI,7514532260246976284,support@nekki.mail.helpshift.com,http://www.nekki.com,"116 Gladstonos Street M. KYPRIANOU HOUSE, 3&4 floor, 3032, Limassol, Cyprus.",Role Playing,Teen,"Nov 3, 2020",https://play.google.com/store/apps/details?id=com.nekki.shadowfightarena&hl=en&gl=us
36,Into the Dead 2,4.5646653,681555.0,27751.0,PIKPOK,9173793138349320479,support@pikpok.com,http://www.pikpok.com,"Level 6 Findex House
57 Willis Street
Wellington
New Zealand 6011",Action,Mature 17+,"Oct 11, 2017",https://play.google.com/store/apps/details?id=com.pikpok.dr2.play&hl=en&gl=us
37,Left to Survive: Zombie Games,4.514585,628499.0,16739.0,MYGAMES MENA FZ LLC,4752267657972454045,lefttosurvive@my.games,https://lts.my.games/,,Action,Mature 17+,"Jul 24, 2018",https://play.google.com/store/apps/details?id=com.glu.zbs&hl=en&gl=us
38,Modern Strike Online: War Game,4.5567746,2100241.0,44836.0,Azur Interactive Games Limited,5464069849262017456,modernstrike@azurgames.com,https://azurgames.com/,Cyprus,Action,Mature 17+,"Aug 11, 2016",https://play.google.com/store/apps/details?id=com.gamedevltd.modernstrike&hl=en&gl=us
39,Infinity Ops: Cyberpunk FPS,4.6024685,622905.0,23055.0,Azur Interactive Games Limited,5464069849262017456,infinityops@azurgames.com,https://azurgames.com/,Cyprus,Action,Teen,"Apr 18, 2018",https://play.google.com/store/apps/details?id=com.gamedevltd.destinywarfare&hl=en&gl=us
40,Delta Force,4.5319147,133091.0,10529.0,Level Infinite,8638120915920097780,service@playdeltaforce.com,https://www.playdeltaforce.com/,10 ANSON ROAD  #21-07 INTERNATIONAL PLAZA SINGAPORE (079903),Action,Teen,"Apr 12, 2025",https://play.google.com/store/apps/details?id=com.proxima.dfm&hl=en&gl=us
41,Combat Master Mobile FPS,4.4908614,211098.0,6714.0,Alfa Bravo Inc.,6352546987777771819,alfabravogames@gmail.com,https://www.alfabravo.us,"27 Bank St New York, NY 10014, USA",Action,Teen,"Dec 23, 2021",https://play.google.com/store/apps/details?id=com.AlfaBravo.CombatMaster&hl=en&gl=us
42,Star Wars: Hunters™,4.4189515,55594.0,4836.0,Zynga,6690081412016968981,android.support@zynga.com,https://www.zynga.com/,"1200 Park Place, San Mateo, CA",Action,Teen,"Jun 3, 2024",https://play.google.com/store/apps/details?id=com.zynga.starwars.hunters&hl=en&gl=us
43,Arena Breakout: Realistic FPS,4.369126,840925.0,15046.0,Level Infinite,8638120915920097780,support@arenabreakout.com,https://arenabreakout.com,10 ANSON ROAD  #21-07 INTERNATIONAL PLAZA SINGAPORE (079903),Action,Teen,"Jul 10, 2023",https://play.google.com/store/apps/details?id=com.proximabeta.mf.uamo&hl=en&gl=us
44,War Robots Multiplayer Battles,4.267758,5072459.0,268483.0,MY.GAMES HOLDINGS LTD,6354966239220109675,wwr_support@pixonic.com,http://warrobots.com,"243, 28 th Oktovriou Street, 7 th Floor, Apartment 702/802, at Christiana Sea View Court, 3035 Limassol, Cyprus",Action,Everyone 10+,"Aug 26, 2015",https://play.google.com/store/apps/details?id=com.pixonic.wwr&hl=en&gl=us
45,World War Heroes — WW2 PvP FPS,4.479187,3324706.0,70556.0,Azur Interactive Games Limited,5464069849262017456,worldwarheroes@azurgames.com,https://azurgames.com/,Cyprus,Action,Teen,"Nov 22, 2017",https://play.google.com/store/apps/details?id=com.gamedevltd.wwh&hl=en&gl=us
46,Sniper 3D：Gun Shooting Games,4.5545683,17353573.0,445568.0,Wildlife Studios,8119287488360456150,support+sniper3d@fungames-forfree.com,https://wildlifestudios.com/,,Action,Mature 17+,"Nov 13, 2014",https://play.google.com/store/apps/details?id=com.fungames.sniper3d&hl=en&gl=us
47,Metalstorm,4.4455028,88616.0,4967.0,"Starform, Inc","Starform,+Inc",support@starform.co,https://playmetalstorm.com/,,Action,Everyone 10+,"Nov 6, 2023",https://play.google.com/store/apps/details?id=com.starform.metalstorm&hl=en&gl=us
48,Dead Effect 2,4.099254,240517.0,6248.0,App Holdings,App+Holdings,deadeffect@appholdings.org,http://appholdings.org,"601 Union St. #4200
Seattle, WA 98101",Action,Mature 17+,"Oct 28, 2015",https://play.google.com/store/apps/details?id=com.badflyinteractive.deadeffect2&hl=en&gl=us
49,Shadowgun Legends: Online FPS,4.3517575,362905.0,19510.0,Deca_Games,Deca_Games,support@decagames.com,https://decagames.com,"15 Tsanko Tserkovski Str.
Veliko Tarnovo 5000
Bulgaria",Action,Teen,"Mar 21, 2018",https://play.google.com/store/apps/details?id=com.madfingergames.legends&hl=en&gl=us
50,Deadly Dudes,4.353896,9030.0,646.0,Exptional Global,Exptional+Global,retro_rampage@global.netease.com,,"150 Beach Road,#35, Gateway West,  Singapore 189720",Strategy,Teen,"Jan 5, 2024",https://play.google.com/store/apps/details?id=com.netease.retrorampage&hl=en&gl=us
51,Ever Legion,4.573833,67948.0,4387.0,"WESTLAKE TECHNOLOGIES CO., PTE. LTD","WESTLAKE+TECHNOLOGIES+CO.,+PTE.+LTD",everlegion@carolgames.com,https://www.carolgames.com,"28 MAXWELL ROAD, #03-05, REDDOT TRAFFIC, SINGAPORE (069120)",Role Playing,Teen,"Dec 22, 2022",https://play.google.com/store/apps/details?id=com.carolgames.everlegion&hl=en&gl=us
52,Armed Heist: Shooting games,4.5176473,325242.0,12039.0,Sozap,4919351491599096256,support@sozap.mail.helpshift.com,http://www.sozap.com,"Brunnsgatan 3b, 611 32, Nyköping, Sweden",Action,Teen,"Mar 15, 2019",https://play.google.com/store/apps/details?id=com.sozap.badmen&hl=en&gl=us
53,Street Fighter IV CE,4.21048,98300.0,5414.0,"CAPCOM CO., LTD.",5191954708930348962,capcom_mc_support@capcom.com,https://www.capcom-games.com/product/en-us/streetfighter4-championedition/,"大阪府大阪市中央区内平野町3丁目2番8号
3-1-3 Uchihirano-machi, Chuo-ku, Osaka 540-0037, Japan",Action,Teen,"Feb 20, 2018",https://play.google.com/store/apps/details?id=jp.co.capcom.sf4ce&hl=en&gl=us
54,Game of Thrones: Kingsroad,4.3578277,33629.0,1698.0,Netmarble,5258410538530331508,netmarbles@igsinc.co.kr,http://mobile.netmarble.net,"Netmarble Building., 38, Digital-ro 26-gil, Guro-gu, Seoul, Korea",Role Playing,Mature 17+,"May 20, 2025",https://play.google.com/store/apps/details?id=com.netmarble.got&hl=en&gl=us
55,Ramboat - Offline Action Game,4.459298,182842.0,4258.0,Viva Games Studios,5889854114365514439,support@vivastudios.com,http://vivastudios.com/,"Calle Cardenal Bueno Monreal 50, 2da Planta, Sevilla, 41013",Arcade,Everyone 10+,"Jun 30, 2015",https://play.google.com/store/apps/details?id=com.generamobile.ramboat&hl=en&gl=us
56,Injustice 2,4.277864,920144.0,71783.0,Warner Bros. International Enterprises,Warner+Bros.+International+Enterprises,support@wbgames.com,http://www.injustice.com,"Warner Bros.
Warner Bros. International Enterprises Inc.
4000 WARNER BLVD
LOS ANGELES
BURBANK
United States
California
91522-0001",Action,Teen,"May 11, 2017",https://play.google.com/store/apps/details?id=com.wb.goog.injustice.brawler2017&hl=en&gl=us
57,Mobile Strike,3.3674455,879720.0,62242.0,Epic War,Epic+War,ms-support@epicwar-online.com,http://epicwar-online.com,"1100 Page Mill Rd
Palo Alto, CA 94304",Strategy,Everyone 10+,"Nov 5, 2015",https://play.google.com/store/apps/details?id=com.epicwaronline.ms&hl=en&gl=us
58,Frostborn: Action RPG,4.142857,266152.0,8409.0,KEFIR,5888283611010781837,frostborn.support@kefirgames.com,https://www.kefircyprus.com/,"17 Georgiou Karaiskaki street, Agia Triada, Limassol CY-3032, Cyprus",Role Playing,Teen,"Oct 17, 2020",https://play.google.com/store/apps/details?id=valhalla.survival.craft.z&hl=en&gl=us
59,Tacticool: PvP Action Shooter,4.626225,734208.0,27053.0,Panzerdog,6498146469952547371,support@panzerdog.com,https://www.tacticool.game,"Pasilankatu 2, 00240 Helsinki, Finland",Action,Teen,"Jan 29, 2019",https://play.google.com/store/apps/details?id=com.panzerdog.tacticool&hl=en&gl=us
60,Reddit,4.6457715,3927244.0,324628.0,reddit Inc.,reddit+Inc.,androidsupport@reddit.com,https://www.reddit.com/mobile/download,"548 Market St # 16093
San Francisco CA 94104
US",Social,Mature 17+,"Apr 6, 2016",https://play.google.com/store/apps/details?id=com.reddit.frontpage&hl=en&gl=us
61,Instagram,3.9489367,162758955.0,4588224.0,Instagram,Instagram,instagram-android@meta.com,http://help.instagram.com/,"Facebook, Inc.
1601 Willow Rd
Menlo Park, CA 94025
United States",Social,Teen,"Apr 3, 2012",https://play.google.com/store/apps/details?id=com.instagram.android&hl=en&gl=us
62,X,3.7565277,22626340.0,782235.0,X Corp.,X+Corp.,google-play-emails@twitter.com,https://support.twitter.com/articles/20169915,"X Corp.
1355 Market Street, Suite 900
San Francisco, CA 94103",News & Magazines,Mature 17+,"Apr 30, 2010",https://play.google.com/store/apps/details?id=com.twitter.android&hl=en&gl=us
63,"Discord - Talk, Play, Hang Out",4.2482142,6249494.0,305922.0,Discord Inc.,Discord+Inc.,support@discord.com,https://dis.gd/contact,"444 De Haro St #200, San Francisco, CA 94107, USA",Communication,Teen,"May 7, 2015",https://play.google.com/store/apps/details?id=com.discord&hl=en&gl=us
64,Facebook,4.362862,167469013.0,4321932.0,"Meta Platforms, Inc.","Meta+Platforms,+Inc.",facebook.android@fb.com,https://www.facebook.com/facebook,"1 Hacker Way
Menlo Park, CA 94025",Social,Teen,,https://play.google.com/store/apps/details?id=com.facebook.katana&hl=en&gl=us
65,Truth Social,3.3991172,21869.0,8745.0,T Media Tech LLC,T+Media+Tech+LLC,support@truthsocial.com,https://truthsocial.com,,Social,Teen,"Oct 12, 2022",https://play.google.com/store/apps/details?id=com.truthsocial.android.app&hl=en&gl=us
66,Threads,4.046482,1479593.0,25804.0,Instagram,Instagram,instagram-android@meta.com,http://help.instagram.com/,"Facebook, Inc.
1601 Willow Rd
Menlo Park, CA 94025
United States",Social,Teen,"May 1, 2023",https://play.google.com/store/apps/details?id=com.instagram.barcelona&hl=en&gl=us
67,LinkedIn: Jobs & Business News,4.3018274,3199077.0,98622.0,LinkedIn,6860682062931868151,team-mobile@linkedin.com,http://www.linkedin.com/,"LinkedIn Corporation
1000 W. Maude Avenue
Sunnyvale, CA 94085
USA",Business,Everyone,"Apr 7, 2011",https://play.google.com/store/apps/details?id=com.linkedin.android&hl=en&gl=us
68,Bluesky,3.776028,45448.0,5682.0,Bluesky PBLLC,Bluesky+PBLLC,support@bsky.app,https://bsky.app,,Social,Mature 17+,"Apr 9, 2023",https://play.google.com/store/apps/details?id=xyz.blueskyweb.app&hl=en&gl=us
69,Snapchat,4.097793,37509865.0,1769834.0,Snap Inc,Snap+Inc,snapchat@snap.com,http://www.snapchat.com,"2772 Donald Douglas Loop, North
Santa Monica, CA 90405
USA",Communication,Teen,"Oct 29, 2012",https://play.google.com/store/apps/details?id=com.snapchat.android&hl=en&gl=us
70,Clubhouse,4.38468,580724.0,4056.0,Alpha Exploration Co.,Alpha+Exploration+Co.,support@clubhouse.com,https://www.clubhouse.com/,,Social,Teen,"May 20, 2021",https://play.google.com/store/apps/details?id=com.clubhouse.app&hl=en&gl=us
71,MeWe: The Safe Network,4.1346803,186361.0,40576.0,MeWe,MeWe,feedback@mewe.com,http://mewe.com,"MeWe
c/o Latham & Watkins
355 South Grand Avenue, Suite 100
Los Angeles, California 90071-1560",Social,Mature 17+,"Oct 14, 2014",https://play.google.com/store/apps/details?id=com.mewe&hl=en&gl=us
72,"TikTok - Videos, Shop & LIVE",4.1149807,66281937.0,2223162.0,TikTok Pte. Ltd.,TikTok+Pte.+Ltd.,feedback@tiktok.com,https://www.tiktok.com/,"1 Raffles Quay, #26-10,
South Tower,
Singapore
048583",Social,Teen,"Jul 9, 2015",https://play.google.com/store/apps/details?id=com.zhiliaoapp.musically&hl=en&gl=us
73,Meetup: Social Events & Groups,4.0910397,225091.0,19005.0,Meetup,Meetup,androiddev@meetup.com,http://www.meetup.com/,,Social,Teen,"Apr 14, 2011",https://play.google.com/store/apps/details?id=com.meetup&hl=en&gl=us
74,IMVU: Social Chat & Avatar app,4.4787817,688437.0,116474.0,"IMVU, Inc.","IMVU,+Inc.",android.support@imvu.com,http://www.imvu.com,"PO Box 2772
Redwood City, CA 94063",Social,Mature 17+,"Oct 21, 2014",https://play.google.com/store/apps/details?id=com.imvu.mobilecordova&hl=en&gl=us
75,Pinterest,4.422934,10974536.0,693469.0,Pinterest,Pinterest,help@pinterest.com,https://help.pinterest.com,,Lifestyle,Teen,"Aug 14, 2012",https://play.google.com/store/apps/details?id=com.pinterest&hl=en&gl=us
76,Fanbase,3.256927,6232.0,978.0,Fanbase Social Media Inc,5323954108821396312,support@fanbase.app,https://fanbase.app,"P.O. Box 94984, Atlanta, Georgia 30377",Social,Teen,"Jul 29, 2021",https://play.google.com/store/apps/details?id=com.fanbase&hl=en&gl=us
77,Facebook Lite,4.460969,30847877.0,127137.0,"Meta Platforms, Inc.","Meta+Platforms,+Inc.",lite-android-support@fb.com,https://www.facebook.com/facebook,"1 Hacker Way
Menlo Park, CA 94025",Social,Teen,"Mar 15, 2018",https://play.google.com/store/apps/details?id=com.facebook.lite&hl=en&gl=us
78,"VK: music, video, messenger",3.5586517,9332282.0,10855.0,VK.com,6230216767878383243,support_gplay@vk.team,https://vk.com/support?act=home&source=gplay_vkontakte,"191024, Россия, г. Санкт-Петербург, ул. Херсонская, д. 12-14, лит. А, пом. 1-Н",Social,Teen,"Jun 14, 2011",https://play.google.com/store/apps/details?id=com.vkontakte.android&hl=en&gl=us
79,Twitch: Live Streaming,4.0384493,5588990.0,237961.0,"Twitch Interactive, Inc.","Twitch+Interactive,+Inc.",android@twitch.tv,https://www.twitch.tv,"350 Bush St Suite 200
San Francisco, CA 94104",Entertainment,Teen,"May 20, 2015",https://play.google.com/store/apps/details?id=tv.twitch.android.app&hl=en&gl=us
80,"ZEPETO: Avatar, Connect & Live",4.488677,2786378.0,52562.0,Naver Z Corporation,Naver+Z+Corporation,googleplay@zepeto.me,https://zepeto.me/,"13F, 6, Buljeoung-ro, Bundang-gu, Seongnam-si, Gyeonggi-do, Republic of Korea",Entertainment,Teen,"Aug 30, 2018",https://play.google.com/store/apps/details?id=me.zepeto.main&hl=en&gl=us
81,OK: Social Network,4.696751,2866708.0,2805.0,VK LLC,5118391565434634824,mobileapp@odnoklassniki.ru,https://m.ok.ru/help?st.store=GOOGLE_PLAY,Russian Federation 125167 Moscow Leningradskiy pr. 39  Build. 79,Social,Teen,"Mar 20, 2012",https://play.google.com/store/apps/details?id=ru.ok.android&hl=en&gl=us
82,GETTR,4.309725,98406.0,15294.0,GETTR,GETTR,support@gettr.com,https://gettr.com,,Social,Mature 17+,"Jun 13, 2021",https://play.google.com/store/apps/details?id=com.gettr.gettr&hl=en&gl=us
83,purp - Make new friends,4.3400216,87872.0,4819.0,hubo Labs,hubo+Labs,support@purp.social,https://purp.social/,"Avenida Paulista, 1636 - São Paulo, SP, Brazil.",Social,Teen,"Jul 11, 2020",https://play.google.com/store/apps/details?id=com.hubolabs.hubo&hl=en&gl=us
84,BeReal. Your friends for real.,3.9608228,323698.0,9339.0,VOODOO,VOODOO,contact@bere.al,https://bereal.com,"59 rue Jean Jacques Rousseau, 75001 Paris",Social,Teen,"Jan 21, 2020",https://play.google.com/store/apps/details?id=com.bereal.ft&hl=en&gl=us
85,Khan Academy,4.2269278,168390.0,9163.0,Khan Academy,Khan+Academy,androidfeedback@khanacademy.org,https://khanacademy.org,,Education,Everyone,"Sep 22, 2015",https://play.google.com/store/apps/details?id=org.khanacademy.android&hl=en&gl=us
86,Duolingo: Language Lessons,4.592984,33393709.0,865922.0,Duolingo,6957685454452609502,android@duolingo.com,https://www.duolingo.com/,"Duolingo
5900 Penn Avenue
Pittsburgh PA 15206",Education,Everyone,"May 29, 2013",https://play.google.com/store/apps/details?id=com.duolingo&hl=en&gl=us
87,Google Classroom,2.5519497,2051500.0,39180.0,Google LLC,5700313618786177705,apps-help@google.com,https://classroom.google.com/,"1600 Amphitheatre Parkway, Mountain View 94043",Education,Everyone,"Jan 14, 2015",https://play.google.com/store/apps/details?id=com.google.android.apps.classroom&hl=en&gl=us
88,Quizlet: Study with Flashcards,4.690885,778312.0,57061.0,Quizlet Inc.,7999369250220694465,androidsupport@quizlet.com,https://quizlet.com,"123 Townsend Street, Suite 600
San Francisco, CA 94107",Education,Everyone,"Aug 20, 2013",https://play.google.com/store/apps/details?id=com.quizlet.quizletandroid&hl=en&gl=us
89,ClassDojo,4.8015227,1165633.0,79770.0,ClassDojo,7818175896471092600,hello@classdojo.com,https://classdojo.com/help,"ClassDojo, Inc.
2261 Market Street
#10437
San Francisco, CA 94114
United States",Education,Everyone,"Feb 25, 2013",https://play.google.com/store/apps/details?id=com.classdojo.android&hl=en&gl=us
90,Elevate - Brain Training Games,4.6127377,487118.0,49234.0,Elevate  Labs,8349798590125374140,hello@elevateapp.com,http://elevateapp.com,"1390 Market St, Suite 200, San Francisco CA 94102",Education,Everyone,"Jun 4, 2014",https://play.google.com/store/apps/details?id=com.wonder&hl=en&gl=us
91,Khan Academy Kids,4.668072,50576.0,6042.0,Khan Academy,Khan+Academy,khankids@khanacademy.org,http://khankids.org,,Education,Everyone,"Jul 10, 2018",https://play.google.com/store/apps/details?id=org.khankids.android&hl=en&gl=us
92,Lingokids - Play and Learn,4.2742615,193608.0,2717.0,Lingokids - English Learning For Kids,6485391978707855430,hello@lingokids.com,https://www.lingokids.com/,"2810 N Church St., PMB 42597
Wilmington, Delaware 19802-4447",Education,Everyone,"Aug 10, 2015",https://play.google.com/store/apps/details?id=es.monkimun.lingokids&hl=en&gl=us
93,Kahoot! Play & Create Quizzes,4.7298117,786537.0,15369.0,Kahoot!,5643238107618943124,hello@kahoot.com,https://kahoot.com,"Fridtjof Nansens plass 7
0160 OSLO
Norway",Education,Everyone,"Nov 1, 2012",https://play.google.com/store/apps/details?id=no.mobitroll.kahoot.android&hl=en&gl=us
94,Photomath,4.3587456,3088763.0,74623.0,Google LLC,5700313618786177705,support@photomath.com,http://www.photomath.com/,"1600 Amphitheatre Parkway, Mountain View 94043",Education,Everyone,"Feb 26, 2015",https://play.google.com/store/apps/details?id=com.microblink.photomath&hl=en&gl=us
95,Udemy - Online Courses,4.4933043,482864.0,14752.0,Udemy,Udemy,android@udemy.com,http://www.udemy.com,600 Harrison St 3rd Floor San Francisco California 94107,Education,Everyone,"Jan 14, 2014",https://play.google.com/store/apps/details?id=com.udemy.android&hl=en&gl=us
96,Coursera: Grow your career,4.7038445,303805.0,5397.0,"Coursera, Inc.","Coursera,+Inc.",coursera-android@coursera.org,http://www.coursera.org,,Education,Everyone,"Mar 27, 2014",https://play.google.com/store/apps/details?id=org.coursera.android&hl=en&gl=us
97,IXL,4.1633296,35148.0,7870.0,IXL Learning,IXL+Learning,support@ixl.com,https://www.ixl.com/,,Education,Everyone,"Jul 26, 2014",https://play.google.com/store/apps/details?id=com.ixl.ixlmath&hl=en&gl=us
98,Ella School - English Learning,,,,United Associates Inc.,United+Associates+Inc.,support@ella.school,,,Education,Everyone,"Apr 7, 2025",https://play.google.com/store/apps/details?id=com.unitedassociates.apps.ella&hl=en&gl=us
99,Brilliant: Learn by doing,4.467988,93665.0,5169.0,Brilliant.org,Brilliant.org,android@brilliant.org,https://brilliant.org/,"550 Montgomery St, Suite 800
San Francisco, CA 94111",Education,Everyone,"Mar 21, 2014",https://play.google.com/store/apps/details?id=org.brilliant.android&hl=en&gl=us
100,Math Buddy,,,,Math Buddy,Math+Buddy,support@mathbuddyonline.com,https://www.mathbuddyonline.com,,Education,Everyone,"Apr 18, 2025",https://play.google.com/store/apps/details?id=com.mathbuddyai&hl=en&gl=us
101,Kiddopia - Kids Learning Games,3.7673612,14528.0,1070.0,Kiddopia Inc.,8363066653715655455,support@kiddopia.com,https://www.kiddopia.com,"3524 Silverside Road, Suite 35B, Wilmington, Delaware 19810",Education,Everyone,"Jun 26, 2018",https://play.google.com/store/apps/details?id=com.paperboatapps.google.kiddopia&hl=en&gl=us
102,Memrise: Languages for life,4.478906,1560712.0,66889.0,Memrise,7657539983437808287,android@memrise.zendesk.com,http://www.memrise.com,"Memrise Ltd
27 Old Gloucester Street
London
WC1N 3AX",Education,Everyone,"May 20, 2013",https://play.google.com/store/apps/details?id=com.memrise.android.memrisecompanion&hl=en&gl=us
103,Babbel - Learn Languages,4.627763,1075054.0,40359.0,Babbel,6066251638635097876,support@babbel.com,https://www.babbel.com,"Babbel GmbH
Andreasstraße 72
10243 Berlin
GERMANY",Education,Everyone,"Feb 21, 2012",https://play.google.com/store/apps/details?id=com.babbel.mobile.android.en&hl=en&gl=us
104,Math Kids: Math Games For Kids,4.5632186,58594.0,977.0,RV AppStudios,7430005971129979939,app_support@rvappstudios.com,http://www.rvappstudios.com,"848 N. Rainbow Blvd. #5467
Las Vegas, NV 89107",Educational,Everyone,"Aug 22, 2017",https://play.google.com/store/apps/details?id=com.rvappstudios.math.kids.counting&hl=en&gl=us
105,Learn to Read: Reading.com,4.6402116,2242.0,225.0,Teaching.com,9130005726820134671,support@reading.com,https://www.reading.com/,"207 Calle Del Parque
San Juan, 00912, PR",Education,Everyone,"Jul 13, 2023",https://play.google.com/store/apps/details?id=teaching_com.reading_com&hl=en&gl=us
106,Starfall,4.026465,26284.0,6067.0,Starfall Education Foundation,5689936787511159557,helpdesk@starfall.com,https://www.starfall.com,"PO BOX 359
Boulder, CO
80306",Education,Everyone,"Sep 14, 2013",https://play.google.com/store/apps/details?id=air.com.starfall.more&hl=en&gl=us
107,Learn to Read - Duolingo ABC,4.1804876,15874.0,810.0,Duolingo,6957685454452609502,literacy-feedback@duolingo.com,https://www.duolingo.com/abc,"Duolingo
5900 Penn Avenue
Pittsburgh PA 15206",Education,Everyone,"May 16, 2022",https://play.google.com/store/apps/details?id=com.duolingo.literacy&hl=en&gl=us
108,LogicLike: ABC & Math for kids,4.6456695,46320.0,261.0,Massiana - Educational Games,6291908447762738307,office@logiclike.com,https://logiclike.com,"7 Dositheos Street, PARA BUILDING, Block C, Office C001,
1071 Nicosia, Cyprus",Education,Everyone,"Jun 16, 2021",https://play.google.com/store/apps/details?id=com.logicappkids&hl=en&gl=us
109,TinyTap: Kids' Learning Games,4.720322,51445.0,989.0,TinyTap,TinyTap,help@tinytap.it,https://www.tinytap.com/,"HaNatsiv St 6, Tel Aviv-Yafo, Israel",Education,Everyone,"Oct 21, 2019",https://play.google.com/store/apps/details?id=tinytap.kids.learning.games&hl=en&gl=us
110,ABCmouse 2: Kids Learning Game,3.91,972.0,23.0,"Age of Learning, Inc.","Age+of+Learning,+Inc.",help@abcmouse.com,https://abcm.zendesk.com/hc/en-us,"101 North Brand Blvd, 8th Floor
Glendale, CA 91203",Education,Everyone,"Feb 14, 2025",https://play.google.com/store/apps/details?id=com.aofl.abcmouse&hl=en&gl=us
111,LinkedIn Learning,4.7710843,159999.0,2196.0,LinkedIn,6860682062931868151,team-mobile@linkedin.com,https://www.linkedin.com/help/learning,"LinkedIn Corporation
1000 W. Maude Avenue
Sunnyvale, CA 94085
USA",Education,Everyone,"Sep 22, 2016",https://play.google.com/store/apps/details?id=com.linkedin.android.learning&hl=en&gl=us
112,HelloTalk - Learn Languages,3.6162019,214226.0,7154.0,HelloTalk Learn Languages App,HelloTalk+Learn+Languages+App,support@hellotalk.com,http://www.HelloTalk.com,"Suite A, 11/F, 285 King's Road, Hong Kong",Education,Teen,"Dec 16, 2013",https://play.google.com/store/apps/details?id=com.hellotalk&hl=en&gl=us
113,edX online learning,4.8269486,109969.0,2592.0,edX LLC,edX+LLC,mobile-support@edx.org,https://www.edx.org,,Education,Everyone 10+,"Dec 8, 2014",https://play.google.com/store/apps/details?id=org.edx.mobile&hl=en&gl=us
114,Kids Games: For Toddlers 3-5,4.4976745,42687.0,251.0,RV AppStudios,7430005971129979939,app_support@rvappstudios.com,http://www.rvappstudios.com,"848 N. Rainbow Blvd. #5467
Las Vegas, NV 89107",Educational,Everyone,"Feb 22, 2022",https://play.google.com/store/apps/details?id=com.rvappstudios.baby.toddler.kids.games.learning.activity&hl=en&gl=us
